stop_name,unique_route_count
Aadorf,3
Aalen,1
Aarau,16
Aarau Torfeld,1
Aarberg,1
Aarburg-Oftringen,4
Aareschlucht Ost (Bahn),1
Aareschlucht West,1
Aarwangen,1
Aarwangen Schloss,1
Aarwangen Vorstadt,1
Aathal,2
Achern,1
Acla da Fontauna,2
Adliswil,2
Aefligen,2
Aemsigen,1
Aesch BL,1
Affoltern am Albis,3
Affoltern-Weier,1
Agde,2
Agno,1
Aguilcourt-Variscourt,1
Aigle,8
Aigle-Château,1
Aigle-Dépôt,1
Aigle-Parc Aventure,1
Aigle-Place-du-Marché,2
Aiguebelette-le-Lac,1
Aiguebelle,1
Aigueperse,2
Aillevillers,1
Aime-la-Plagne,5
Airolo,3
Aiserey,1
Aix-en-Provence TGV,7
Aix-les-Bains-le-Revard,8
Alaï,1
Albbruck,2
Albens,3
Albertville,5
Albeuve,1
Albigny-Neuville,3
Albizzate-Solbiate Arno,2
Albstadt-Ebingen,1
Allaman,3
Alle,2
Allensbach,2
Alleyras,1
Allières,3
Allmend,1
Allmendingen (D),2
Alp Grüm,3
Alpiglen,1
Alpnach Dorf,2
Alpnachstad,1
Alpnachstad PB,1
Altdorf UR,6
Altendorf,5
Altenstadt (Feldkirch),2
Alter Zoll,1
Altkirch,2
Altmatt,2
Altnau,2
Altshausen,2
Altstätten SG,3
Altstätten Stadt,1
Alvaneu,1
Alès,1
Amagne-Lucquy,1
Ambazac,1
Ambronay-Priay,1
Ambrì-Piotta,3
Ambérieu,7
Amifontaine,1
Amplepuis,2
Amriswil,6
Amsterdam Centraal,1
Anchamps,1
Ancy-sur-Moselle,1
Andelfingen,4
Andelot,2
Andermatt,4
Andrézieux,1
Angers-St-Laud,5
Angoulême,1
Annecy,6
Annemasse,13
Anor,1
Anse,4
Antibes,3
Apach,1
Appenweier,2
Appenzell,2
Apples,2
Arbois,2
Arbon,1
Arbon Seemoosriet,1
Arc-et-Senans,4
Arches,3
Arcisate,2
Arcy-sur-Cure,1
Ardez,3
Ardon,1
Areuse Les Isles Littorail,1
Areuse Littorail,1
Argentière (Haute-Savoie),1
Arles,3
Arnegg,1
Arnex,3
Arosa,2
Arras,2
Ars-sur-Moselle,1
Arth-Goldau,12
Arth-Goldau RB,1
Arvant,7
Arveyes,1
Arzier,1
"Arzier, gare",1
Aspres-sur-Buech,2
Assens,1
Attiswil,1
Au SG,3
Au ZH,3
Aubiat,2
Auboué,1
Aubrives,1
Audun-le-Roman,2
Auggen,2
Augsburg Hbf,1
Aulendorf,3
Aulnat Aéroport,1
Aulnoye-Aymeries,1
Aumont-Aubrac,1
Auray,2
Aurec,1
Aurillac,4
Ausserberg,2
Auvernier,2
Auvernier Littorail,1
Auxerre-Saint-Gervais,4
Auxonne,2
Avallon,1
Avenay,1
Avenches,2
Avesnes,1
Avignon Centre,7
Avignon TGV,9
Avord,2
Avoudrey,1
Avry-Matran,3
Ay (F),1
Azerailles,2
Aéroport Charles-de-Gaulle TGV,7
Baar,6
Baar Lindenpark,2
Baar Neufeld,1
Baccarat,2
Bad Bellingen,2
Bad Krozingen,2
Bad Niedernau,1
Bad Ragaz,3
Bad Saulgau,2
Bad Schussenried,2
Bad Säckingen,2
Bad Zurzach,2
Baden,9
Baden-Baden,2
Bagnac,2
Bagnols-sur-Cèze,1
Bains-les-Bains,1
Balbigny,1
Baldegg,1
Baldegg Kloster,1
Balerna,3
Balingen (Württ),1
Balingen Süd,1
Ballens,1
Ballens-Froideville,1
Ballwil,1
Balsthal,1
Banassac-la-Canourgue,1
Bannwil,1
Bantzenheim,1
Bar-le-Duc,5
Bar-sur-Aube,3
Barcelona Sants,1
Bargen BE,1
Baroncourt,1
Barr,2
Bartenheim,1
Bas - Monistrol,1
Bas Évette,3
Bascharage-Sanem,1
Basel Bad Bf,8
Basel Dreispitz,1
Basel SBB,21
Basel St. Jakob,1
Basel St. Johann,1
"Basel, St-Louis Grenze",1
Basse-Ham,1
Bassecourt,4
Bassersdorf,3
Bassins,1
Baulmes,2
Bauma,1
Baume-les-Dames,3
Bavois,3
Bayon,3
Bazancourt,1
Bazenheid,1
Beaune,4
Bei den Weihern,1
Beinwil am See,1
Bel-Air LEB,1
Belfaux CFF,1
Belfaux-Village,2
Belfort,7
Belfort-Montbéliard TGV,5
Bellach,1
Bellavista,1
Bellegarde-sur-Valserine,12
Bellenaves,1
Belleville,1
Belleville sur Sâone,5
Bellignat,2
Bellinzona,9
Belmont-sur-Montreux,2
Belp,4
Belp Steinbach,3
Bendlehn,2
Benfeld,2
Bengy,2
Benken SG,2
Benzenschwil,1
Bercher,1
Berg,2
Berg (Pfalz),2
Bergenweiler,1
Bergfrieden,1
Bergün/Bravuogn,4
Berikon-Widen,1
Beringen Bad Bf,1
Beringerfeld,1
Berlin Gesundbrunnen,1
Berlin Hbf (S-Bahn),1
Berlin Ostbahnhof,1
Berlin Südkreuz,1
Berlingen,1
Bermatingen-Ahausen,2
Bern,31
Bern Brünnen Westside,3
Bern Bümpliz Nord,2
Bern Bümpliz Süd,2
Bern Europaplatz,6
Bern Felsenau,1
Bern Riedbach,2
Bern Tiefenau,1
Bern Wankdorf,6
Bern Weissenbühl,3
Bernina Diavolezza,3
Bernina Lagalb,2
Bernina Suot,2
Berthelming,1
Bertrichamps,2
Besançon Franche-Comté TGV,6
Besançon Mouillère,1
Besançon Viotte,10
Besnate,1
Besozzo,1
Bessay,2
Bettembourg (LUX),3
Bettlach,1
Bettmeralp Talstation,2
Bettwiesen,1
Beuggen,2
Beuron,1
Bevaix,1
Bever,5
Bex,5
Bex Pont-Neuf,1
Bex-Place-du-Marché,1
Beynost,1
Biasca,3
Bibenlos-Sonnenhof,1
Biberach (Riss),2
Biberach (Riss) Süd,2
Biberbrugg,4
Biberegg,2
Biberist Ost,2
Biberist RBS,1
Biel (Goms),1
Biel Mett,1
Biel/Bienne,13
Biel/Bienne Bözingenfeld/Champ,1
Bieringen(b Horb),1
Bietingen,3
Bigenthal,2
Biglen,2
Bigny,1
Bilten,4
Binzenhof,1
Bioggio,1
Bioggio Molinazzo,1
Birmensdorf ZH,3
Birr,3
Birrwil,1
Bischheim,1
Bischoffsheim,2
Bischofszell Nord,1
Bischofszell Stadt,1
Bischwiller,5
Bisingen,1
Bitsch,2
Bitschwiller-lès-Thann,1
Bière,1
Blainville - Damelevières,5
Blaisy-Bas,2
Blankenburg,2
Blanzy,2
Blaubeuren,2
Blaustein,2
Bleien Liebegg,1
Blitzingen,1
Blonay,3
Bludenz,1
Blumenau,4
Bléré-la-Croix,2
Boden,2
Bodio TI,3
Bogny-sur-Meuse,1
Bois-d'Oingt - Légny,1
Bois-de-Chexbres,1
Boisset,2
Boll-Utzigen,1
Bollement,1
Bolligen,1
Bollwiller,3
Bollène-la-Croisière,6
Bologna Centrale,1
Bologne,3
Boltigen,3
Bonaduz,6
Boncourt,3
Bonfol,2
Boniswil,1
Bonneville,4
Bons-en-Chablais,2
Bonson,1
Bonstetten-Wettswil,3
Bordeaux-St-Jean,1
Bossière,4
Bossonnens,2
Boswil-Bünzen,3
Bottighofen,1
Boudry,1
Boudry Littorail,1
Boudry Tuilière,1
Bouquetins,1
Bourg-Bruche,1
Bourg-Saint-Maurice,5
Bourg-en-Bresse,7
Bourges,7
Bourgoin-Jallieu,5
Bouthéon,1
Bouveret,1
Bovernier,2
Bowil,1
Boën,1
Brandegg,1
Brassac-les-Mines-Ste-Florine,7
Brazey-en-Plaine,1
Bregenz,3
Bregenz Hafen,1
Bregenz Riedenburg,1
Breitenbach (F),1
Breitlauenen,1
Bremgarten,1
Bremgarten Isenlauf,1
Bremgarten Obertor,1
Bremgarten West,1
Brenzikofen,2
Brescia,1
Brest (F),1
Bretenoux-Biars,2
Bretigny - Norges,1
Bretonnières,2
Breuil - Romain,1
Briançon,2
Briare,1
Brienz,3
Brienz BRB,1
Brienz West,2
Brienzer Rothorn,2
Brienzwiler,2
Brig,10
Brig Bahnhofplatz,3
Brigachtal Kirchdorf,1
Brigachtal-Klengen,1
Brignais,1
Brignoud,2
Brion-Montréal-La-Cluse,2
Brioude,4
Brittnau-Wikon,3
Brive-la-Gaillarde,1
Broc-Chocolaterie,2
Broc-Village,2
Bronschhofen,1
Bronschhofen AMP,1
Broye,1
Bruchhausen (b Ettl),1
Brugg AG,10
Brumath,3
Brunnadern-Neckertal,3
Brunnen,4
Brusio,2
Bruxelles-Midi,3
Bruyères,1
Brügg BE,1
Brünig-Hasliberg,2
Brüttelen,1
Bubikon,5
Buchli,1
Buchrain,1
Buchs AG,1
Buchs SG,4
Buchs-Dällikon,1
Buckten,1
Buggingen,1
Bugnei,2
Buix,3
Bulle,4
Burgdorf,5
Burgdorf Buchmatt,2
Burgdorf Steinhof,3
Burghalden,1
Burgholz,1
Burgistein,2
Burglauenen,1
Burier,3
Busseau-sur-Creuse,1
Bussigny,5
Bussnang,1
Busswil BE,2
Bussy-Chardonney,1
Busto Arsizio,1
Busto Arsizio Nord,1
Buttes,1
Byans,2
Bäch SZ,3
Bätterkinden,2
Béard,3
Bédarieux,1
Bédarrides,5
Bénestroff,1
Béning-lès-Saint-Avold,2
Bétaille,1
Bévieux,1
Béziers,5
Bôle,1
Böblingen,1
Böblingen Danziger Str.,1
Böblingen Heusteigstr.,1
Böblingen Süd,1
Böblingen Zimmerschlag,1
Böhringen-Rickelshausen,1
Bühl (Baden),1
Bühler,1
Bülach,8
Büren an der Aare,1
Büren zum Hof,1
Bürglen TG,3
Bütschwil,1
Cadenazzo,5
Cadera,1
Calde,1
Camedo,3
Camnago-Lentate,2
Campagnac-St-Geniez,1
Campascio,1
Campocologno,2
Cannes,3
Cantello Gaggiolo,2
Cantù-Cermenate,2
Capdenac,2
Capolago-Riva S. Vitale,3
Cappella-Agnuzzo,1
Carcassonne,1
Carignan,1
Carimate,2
Casino Lacroix Laval,1
Caslano,1
Castione-Arbedo,4
Castrisch,2
Castronno,2
Caux,1
Cavadürli,2
Cavaglia,2
Cavaria-Oggiona-Ierago,2
Cavigliano,2
Cazis,4
Ceilhes-Roqueredonde,1
Celerina,5
Celerina Staz,2
Cercy-la-Tour,1
Cernay,1
Cery-Fleur-de-Lys,1
Cessieu,1
Ceyzériat,2
Chabons,2
Chagny,3
Chalon-sur-Saône,4
Cham,2
Cham Alpenblick,1
Chamalières-sur-Loire,1
Chamborigaud,1
Chambrelien,2
Chamby,4
Chamby-Musée,1
Chambéry-Challes-les-Eaux,18
Chambésy,5
Chamelet,1
Chamonix-Aiguille du Midi,1
Chamonix-Mont-Blanc,1
Chamoson-St-Pierre-de-Clages,1
Chamousset,1
Champ-du-Moulin,1
Champagne-Ardenne TGV,11
Champagne-sur-Seine,1
Champagney,2
Champagnole,1
Champagnole Paul-Émile Victor,1
Champigneulles,2
Champigny-sur-Yonne,6
Champs St-Bris,2
Champéry,1
Champéry-Village,1
Chantenay-Saint-Imbert,3
Chapeauroux,1
Chaponost,1
Charbonnières-les-Bains,1
Chardonney-Château,1
Charleville-Mézières,5
Charmes,3
Charrat-Fully,1
Chasse-sur-Rhône,1
Chauffailles,1
Chaugey,1
Chaumont,4
"Chavannes-R., Crochy",1
"Chavannes-R., UNIL-Chamberonne",1
"Chavannes-R., UNIL-Mouline",1
Chavornay,3
Chazay - Marcilly,2
Chedde,1
Cheilly-lès-Maranges,2
Chemex,1
Chemilly-Appoigny,5
Chenevières,1
Chenonceaux,2
Chernex,4
Cheseaux,1
Chessy,1
Chevillon,3
Chexbres-Village,1
Cheyres,1
Chez-le-Maître-Ecoles,1
Chiasso,6
Chigny,1
Chindrieux,1
Chissay-en-Touraine,1
Chorges,2
Chur,9
Chur Altstadt,2
Chur West,6
Chur Wiesental,3
Châlons-en-Champagne,10
Château-Thierry,2
Château-d'Hauteville,2
Château-d'Oex,5
Château-d'Oex La Palaz,3
Château-de-Blonay,2
Châteauneuf-Conthey,1
Châteauneuf-sur-Cher,4
Châtel - Nomexy,3
Châtel-Censoir,2
Châtel-St-Denis,2
Châtelard VD,2
Châtillens,3
Châtillon d'Azergues,1
Chénens,3
Chêne-Bourg,6
Cinuos-chel-Brail,1
Ciry-le-Noble,2
Civrieux-d'Azergues,1
Cize-Bolozon,2
Clamecy,2
Clarens,3
Clelles-Mens,2
Clermont la Pardieu,6
Clermont la Rotonde,1
Clermont-Ferrand,11
Clerval,3
Cluses (Haute-Savoie),5
Col-de-Bretaye,1
Col-de-Soud,1
Collombey,1
Collombey-Village,1
Collonges,1
Collonges - Fontaines,2
Colmar,7
Colmar Mésanges,1
Colmar Saint-Joseph,1
Colmegna,1
Colombier NE,1
Colombier NE Allées Littorail,1
Colombier NE Les Chézards,1
Colombier NE Littorail,1
Colombier-Fontaine,3
Combe-Tabeillon,1
Commentry,2
Commercy,3
Como Camerlata,3
Como S. Giovanni,4
Concise,1
Conflans - Jarny,4
Contrexéville,2
Coppet,5
Corbier,1
Corcapolo,2
Corcelles BE,1
Corcelles-Nord,1
Corcelles-Peseux,1
Corcelles-Sud,1
Cordes-Vindrac,1
Corgoloin,1
Corgémont,1
Cormoret,1
Cornaux NE,2
Corseaux-Cornalles,1
Cortébert,1
Cosne-sur-Loire,2
Cossonay-Penthalaz,5
Cottens FR,3
Coucy-lès-Eppes,1
Coulanges-sur-Yonne,2
Courcelles-sur-Nied,2
Courchavon,3
Courcy - Brimont,1
Courfaivre,4
Courgenay,4
Court,1
Courtelary,2
Courtemaîche,3
Courtepin,2
Courthézon,5
Courtételle,4
Cousance,2
Cousset,1
Couvet,1
Couzon-au-Mont-d'Or,2
Cravant-Bazarnes,3
Creggio,1
Cressier FR,2
Cressier NE,2
Crest,2
Creux-de-Genthod,5
Croix-du-Nant,1
Croy-Romainmôtier,3
Crémines,1
Crémines-Zoo,1
Crépieux la Pape,1
Crêches-sur-Saône,4
Crêt-d'y-Bau,1
Cucciago,2
Cugy FR,1
Cully,6
Culmont - Chalindrey,5
Culoz,6
Dachsen,3
Dachstein,3
Dagmersellen,3
Dallenwil,2
Dambach-la-Ville,2
Danjoutin,1
Dannemarie,1
Dannemarie - Velesmes,1
Dardilly - Le Jubin,1
Dardilly les Mouilles,1
Darsac,1
Davos Dorf,3
Davos Frauenkirch,3
Davos Glaris,3
Davos Laret,2
Davos Monstein,3
Davos Platz,5
Davos Wiesen,3
Davos Wolfgang,3
Decize,2
Degersheim,4
Deisslingen Mitte,1
Deisswil,1
Deitingen,1
Delle,4
Deluz,2
Delémont,5
Denges-Echandens,3
Denzlingen,2
Desio,2
Dettenhausen,1
Dettwiller,1
Deville,1
Die,2
Dielsdorf,1
Diemeringen,1
Dieni,2
Diepflingen,1
Diesbach-Betschwanden,2
Diessenhofen,1
Dietfurt,1
Dietikon,11
Dietikon Schöneggstrasse,1
Dietikon Stoffelbach,1
Dietlikon,7
Dieulouard,1
Digoin,2
Dijon,15
Dijon Porte Neuve,2
Dinhard,1
Dippach-Reckange,1
Disentis/Mustér,5
Distelberg,1
Dogern,2
Dole,6
Domat/Ems,8
Domat/Ems Werk,7
Dombasle-sur-Meurthe,5
Domblans - Voiteur,2
Domdidier,1
Dommartin - Lissieu,1
Domodossola (I),4
Dompierre FR,1
Dompierre Sept Fons,2
Donaueschingen,1
Donaueschingen Grüningen,1
Donaueschingen Mitte/Siedl.,1
Donaueschingen-Aufen,1
Donchery,1
Donjeux,3
Donzère,6
Dorlisheim,2
Dormans,2
Dornach-Arlesheim,1
Dornbirn,2
Dottikon-Dintikon,4
Dotzigen,1
Douai,2
Druogno,2
Drusenheim,1
Duggingen,1
Dulliken,6
Duppigheim,3
Durtol - Nohanent,1
Dusslingen,1
Duttlenheim,3
Däniken SO,6
Därstetten,1
Döttingen,2
Dübendorf,4
Düdingen,4
Dürrenroth,1
Eberfingen,2
Ebersheim,1
Ebikon,5
Ebligen,2
Ebnat-Kappel,1
Ebringen,1
Echallens,1
Echirolles,4
Eclépens,3
Ecole-Valentin,1
"Ecublens VD, Bassenges",1
"Ecublens VD, Cerisaie",1
"Ecublens VD, EPFL",1
"Ecublens VD, Epenex",1
"Ecublens VD, UNIL-Sorge",1
Ecublens-Rue,3
Edenkoben,1
Edesheim (Pfalz),1
Effretikon,7
Efringen-Kirchen,2
Egerkingen,1
Eggerberg,2
Eggingen,2
Eglisau,4
Egnach,1
Ehingen (Donau),2
Ei im Emmental,1
Eichhoffen,2
Eifeld,1
Eigergletscher,1
Eiken,1
Eimeldingen,2
Einsiedeln,2
Einvaux,3
Elgg,3
Embrach-Rorbas,1
Embrun,2
Emmenbrücke,4
Emmenbrücke Gersag,3
Emmenbrücke Kapf,2
Emmendingen,2
Emmenmatt,1
En Charnet,1
Enge im Simmental,1
Engelberg,1
Engen,3
Ennenda,2
Enney,1
Entlebuch,2
Entzheim Aéroport,4
Enzisweiler,2
"Epalinges, Croisettes",1
Ependes VD,3
Epesses,5
Epfig,2
Epierre-St-Léger,1
Erbach (Württ),2
Erdmannlistein,1
Erfurt Hbf,1
Eriskirch,1
Erlen,2
Erlenbach ZH,3
Erlenbach im Simmental,3
Ermatingen,1
Ermensee,1
Erstein,2
Erstfeld,4
Erzingen (Baden),3
Eschenbach LU,1
Eschenz,1
Eschlikon TG,3
Escholzmatt,2
Essert-Pittet,2
Essert-sous-Champvent,1
Esslingen (Neckar),2
Estavayer-le-Lac,1
Estressin,1
Etagnières,1
Etiez,2
Etigny-Véron,6
Etoy,3
Ettlingen West,1
Etzwilen,2
Evian-les-Bains,3
Evionnaz,1
Ewil Maxon,1
Exergillod,1
Eyach,2
Eyholz,2
Fahrnau,2
Faido,3
Faoug,2
Farschviller,1
Farébersviller,1
Faulquemont,2
Fayaux,1
Fayot,1
Fegersheim - Lipsheim,1
Fehraltorf,3
Felben-Wellhausen,3
Feldbach,2
Feldbrunnen,1
Feldkirch,5
Fellering,1
Felsberg,7
Ferno-Lonate Pozzolo,1
Feuerthalen,1
Feurs,1
Fey,1
Feyzin,1
Fideris,6
Fiesch,2
Fiesch Feriendorf,2
Figeac,2
Figueras Vilafant,1
Filisur,9
Findelbach,1
Finhaut,1
Firenze S. M. N.,1
Firminy,2
Fischenthal,1
Fismes,1
Flamatt,4
Flamatt Dorf,1
Flawil,5
Flaxlanden,1
Flendruz,3
Fleurier,1
Fleurieux-sur-l'Arbresle,1
Fleurville - Pont-de-Vaux,1
Fleury-les-Aubrais,1
Flumenthal,1
Flums,2
Flüelen,6
Folsogno-Dissimo,1
Fons-St-Mamert,2
Fontaines - Mercurey,1
Fontanivent,4
Fontannaz-Seulaz,1
Fontanney,1
Fontenoy-sur-Moselle,3
Forbach,2
Forst (FL) Hilti,2
Fouday,1
Foug,2
Fourchambault,2
Fourmies,1
Foyer Dents-du-Midi,1
Foëcy,1
Fraisses - Unieux,1
Franchet d'Esperey,3
Francheville,1
Frankenthal Hbf,1
Frankfurt (Main) Hbf,3
Frankfurt (Main) Süd,1
Franois,3
Frasne,7
Frastanz,1
Fraubrunnen,2
Frauenfeld,7
Frauenfeld Marktplatz,1
Freibergen,2
Freiburg(Breisgau) Hbf,2
Freiburg(Breisgau) Herdern,2
Freiburg(Breisgau) St. Georgen,1
Freiburg(Breisgau) Zähringen,2
Freienbach SBB,3
Freienbach SOB,2
Frenkendorf-Füllinsdorf,2
Fribourg/Freiburg,12
Fribourg/Freiburg Poya,1
Frick,3
Frickenhausen,1
Frickenhausen-Kelterstrasse,1
Fridingen (b Tuttlingen),1
Friedrichshafen Landratsamt,1
Friedrichshafen Ost,1
Friedrichshafen Stadt,2
Friedrichshafen-Fischbach,1
Friedrichshafen-Hafen,2
Friedrichshafen-Kluftern,1
Friedrichshafen-Manzell,1
Friesenheim (Baden),2
Frinvillier-Taubenloch,2
Froncles,3
Frontenex,1
Frouard,3
Frutigen,3
Fruttli,1
Fräschels,1
Ftan Baraigla,2
Fumay,1
Furka DFB,1
Furna,8
Fépin,1
Fürgangen-Bellwald Talstation,1
Gagnone-Orcesco,1
Gaillac,1
Gais,2
Gallarate,3
Galmiz,2
Galuzot,2
Gambsheim,1
Gammenthal,1
Gampel-Steg,1
Gampelen,2
Gandrange - Amnéville,1
Gannat,2
Gap,3
Garchizy,1
Gasel,1
Gazzada-Schianno-Morazzone,2
Geisingen,1
Geispolsheim,1
Gelfingen,1
Gelterkinden,3
Gemeaux,1
Genlis,2
Genolier,1
Genolier Sus-Châtel,1
Genolier clinique/campus,1
"Genolier clinique/campus, gare",1
"Genolier, route de la Colonie",1
"Genolier, village",1
Genthod-Bellevue,5
Genève,14
Genève-Aéroport,7
Genève-Champel,6
Genève-Eaux-Vives,6
Genève-Sécheron,5
Gerhausen,2
Gerlafingen,2
Germaine,1
Gerolfingen,1
Gerona,1
Gerra (Gambarogno),1
Gertwiller,2
Gerzat,3
Geschinen,1
Gettnau,3
Gevrey-Chambertin,1
Gfeld,2
Gibswil,1
Gien,1
Giengen (Brenz),1
Gilley,1
Gilly-sur-Loire,2
Gisikon-Root,3
Gisingen (Feldkirch),1
Giswil,2
Giubiasco,5
Givet,1
Givisiez,3
Givors,2
Givors Canal,1
Givrins,1
"Givrins, gare",1
Gièvres,2
Gland,1
Glanzenberg,4
Glarus,2
Glattbrugg,5
Glattfelden,3
Gletsch,1
Glion,1
Glion-Alpes,1
Glion-Collège,1
Glovelier,5
Gluringen,1
Goldach,4
Goldau A4,1
Goncelin,2
Gonten,1
Gontenbad,1
Gontenschwil,1
Goppenstein,1
Gordola,2
Gorgier-St-Aubin,1
Gornergrat,1
Gossau SG,7
Gottmadingen,3
Goxwiller,2
Grafenort,1
Grafenried,1
Graffenstaden,1
Graffenwald,1
Gragnague,1
Grand-Combe-la-Pise,1
Grand-Moulin,1
Grandson,3
Grandval,1
Grandvaux,5
Grandvillars,1
Granges-Marnand,3
Grellingen,1
Grenchen Nord,2
Grenchen Süd,3
Grengiols,2
Grenoble,10
Grenoble Universités-Gières,6
Grenzach,1
Gresswiller,1
Gretz-Armainvilliers,1
Griesbach,1
Griessen (Baden),2
Grigny le Sablon,1
Grindelwald,2
Grindelwald Grund,1
Grindelwald Terminal,1
Groisy-Thorens-la-Caille,2
Grolley,1
Grosshöchstetten,2
Gruben,2
Grubenwald,1
Grubisbalm,2
Gruyères,2
Gryon,1
Gryon Barboleuse,1
Gryon Bois-Gentil,1
Gryon-Chalméry,1
Gränichen,1
Gränichen Oberdorf,1
Gränichen Töndler,1
Grésaley,1
Grésy-sur-Aix,2
Grésy-sur-Isère,1
Grüenfeld,1
Grünenmatt,2
Grüsch,9
Grütschalp,1
Gstaad,6
Guarda,3
Guignicourt,1
Guingamp,1
Gundelfingen (Breisgau),2
Gundershoffen,2
Gunsbach-Griesbach,1
Guntershausen,3
Gutenburg,2
Guéret,1
Gänsbrunnen,1
Génelard,2
Génolhac,1
Göschenen,3
Gümligen,2
Gümmenen,2
Güttingen,1
Habsheim,1
Hagenbach,2
Hagneck,1
Hagondange,4
Haguenau,5
Haldenstein,2
Halle (Saale) Hbf,1
Hallwil,1
Haltingen,2
Hamburg-Altona,1
Hard-Fussach,1
Hard-Mumenthal,1
Hasle LU,2
Hasle-Rüegsau,4
Hatrize,1
Haubersbronn (D),1
Haubersbronn-Mitte,1
Hauptwil,1
Hausach,2
Hausen im Tal,2
Hausen-Raitbach,2
Haut-de-Caux,1
Hauteville,2
Hayange,2
Haybes,1
Hebrig,1
Hechingen,1
Hedingen,3
Heerbrugg,4
Hegne,1
Heidelberg Hbf,2
Heiden,1
Heidenheim,1
Heidenheim-Schnaitheim,1
Heidenheim-Voithwerk,1
Heiligenberg - Mollkirch,2
Heimberg,3
Heimerdingen,1
Heitersheim,2
Hemmingen,1
Hendschiken,4
Henggart,4
Henniez,2
Herbertingen,3
Herbertingen Ort,2
Herblingen,2
Herbolzheim (Breisgau),2
Herbrechtingen,1
Herbriggen,2
Hergiswil Matt,2
Hergiswil NW,5
Herisau,7
Herisau Wilen,1
Hermaringen,1
Herny,1
Herrliberg-Feldmeilen,3
Herrlingen,2
Herrlisheim,1
Herrlisheim-près-Colmar,1
Herten (Baden),2
Herzogenbuchsee,2
Hettange-Grande,3
Hettlingen,3
Hindelbank,2
Hinwil,1
Hirschberg,1
Hirschthal,1
Hirson,1
Hitzkirch,1
Hochdorf,1
Hochdorf Schönau,1
Hochfelden,1
Hoelschloch,1
Hoenheim Tram,1
Hoerdt,2
Hoffen,1
Hohtenn,2
Holderbank AG,2
Hollerich,1
Holzgerlingen Bahnhof,1
Holzgerlingen-Buch,1
Holzgerlingen-Nord,1
Holzhäusern,1
Hombourg-Haut,1
Homécourt,1
Horb,2
Horgen,4
Horgen Oberdorf,1
Horn,1
Hornberg (Schwarzw),1
Horw,4
Hospental,2
Houdemont,1
Howald,2
Hundling,1
Hunzenschwil,1
Hurden,2
Huriel,1
Huttwil,2
Huttwil Sportzentrum,1
Hägendorf,1
Häggenschwil-Winden,2
Häusernmoos,1
Héricourt,3
Hünenberg Chämleten,1
Hünenberg Zythus,1
Hüntwangen-Wil,3
Hüswil,2
Hüttlingen-Mettendorf,3
Igis,3
Igney,3
Igney - Avricourt,1
Ilanz,2
Illfurth,1
Illnau,3
Im Holz,1
Immendingen,1
Immendingen Zimmern,1
Immensee,1
Imphy,2
Induno Olona,2
Ingersheim Cité Scolaire,1
Ingwiller,1
Innertkirchen Grimseltor,1
Innertkirchen Kraftwerk (Bahn),1
Innertkirchen Unterwasser,1
Ins,6
Ins Dorf,1
Insheim,1
Interlaken Ost,9
Interlaken West,5
Intragna,3
Ipsach,1
Ipsach Herdi,1
Irigny,1
Is-sur-Tille,4
Iselle di Trasquera,1
Islikon,3
Issoire,7
Istein,2
Itingen,1
Ittigen bei Bern,1
Itzelberg,1
Jakobsbad,1
Jakobstal,1
Jaman,1
Jarrie-Vizille,2
Jarville-la-Malgrange,4
Jegenstorf,2
Jenaz,4
Jestetten,6
Joeuf,1
Joigny,6
Joigny-sur-Meuse,1
Joinville,3
Jona,5
Joncherey,1
Jonchery-sur-Vesle,1
Jor,2
Jouxtens-Mézery,1
Jungfraujoch,1
Kaiseraugst,1
Kaiserslautern Hbf,1
Kaiserstuhl AG,1
Kaiserstuhl OW,1
Kalhausen,1
Kallnach,1
Kalpetran,2
Kaltbrunn,2
Kaltenherberg,1
Kandersteg,1
Kapsweyer (D),1
Karlsruhe Hbf,4
Kaufdorf,2
Kehl,1
Kehlhof,2
Kehrsatz,3
Kehrsatz Nord,3
Kempraten,2
Kempten,1
Kemptthal,2
Kenzingen,2
Kerzers,4
Kerzers Papiliorama,1
Kesswil,1
Kiebingen,2
Kiesen,1
Kilchberg ZH,4
Killwangen-Spreitenbach,5
Kilstett,1
Kirchberg-Alchenflüh,2
Kleindietwil,2
Kleine Scheidegg,3
Kleinkems,2
Klingnau,2
Klosters Dorf,6
Klosters Platz,8
Kloten,1
Kloten Balsberg,1
Klus,1
Knonau,2
Knöringen-Essingen,1
Koblenz,3
Koblenz Dorf,2
Koenigsmacker,1
Kogenheim,1
Kollbrunn,2
Kollmarsreute,2
Konolfingen,5
Konstanz,5
Konstanz-Fürstenberg,1
Konstanz-Petershausen,2
Konstanz-Wollmatingen,1
Konz Mitte,1
Kork,1
Korntal,1
Korntal-Gymnasium,1
Kradolf,1
Kressbronn,1
Kreuzlingen,3
Kreuzlingen Bernrain,2
Kreuzlingen Hafen,2
Kreuzstrasse,1
Kriens Mattenhof,3
Krimmeri Meinau,2
Krummenau,1
Kruth,1
Kräbel,1
Kurtzenhouse,2
Kurzrickenbach Seepark,1
Kölliken,1
Kölliken Oberdorf,1
Köndringen,2
Königsbronn,1
Köniz,1
Küblis,5
Küngoldingen,1
Küsnacht Goldbach,3
Küsnacht ZH,3
Küssnacht am Rigi,2
L'Arbresle,3
L'Argentière-les-Ecrins,2
L'Asse,1
L'Estaque,1
L'Hôpital-du-Grosbois,1
L'Isle,1
L'Isle-d'Abeau,1
L'Isle-sur-le-Doubs,3
La Bastide-St-Laurent-l-Bains,1
La Brinaz,1
La Charité-sur-Loire,2
La Chaudanne-Les Moulins,4
La Chaumusse - Fort-du-Plasne,1
La Chaux-d'Abel,1
La Chaux-de-Fonds,8
La Chaux-de-Fonds Les Forges,2
La Chaux-de-Fonds-Est,1
La Chaux-de-Fonds-Grenier,1
La Chaux-des-Breuleux,1
La Chaux-des-Crotenay,1
La Chiésaz,2
La Chèvrerie-Monterêt,1
La Cibourg,1
La Clairière,1
La Clayette - Baudemont,1
La Combe,1
La Conversion,5
La Corbatière,1
La Cour,1
La Cure,1
La Douay,2
La Faverge,1
La Ferrière,1
La Ferté-Saint-Aubin,1
La Ferté-sous-Jouarre,2
La Fouillouse,1
La Givrine,1
La Gottaz,1
La Guerche-sur-l'Aubois,2
La Heutte,2
La Joux (F),1
La Large-Journée,1
La Levade,2
La Marche,1
La Médettaz,1
La Neuveville,2
La Perche,1
La Plaine,2
La Presta Mines d'asphalte,1
La Punt Chamues-ch,2
La Ricamarie,2
La Rivière,2
La Roche-sur-Foron,5
La Rochelle-Ville,1
La Roulaz,1
La Ruaz,1
La Sagne,1
La Sagne-Eglise,1
La Sarraz,3
La Tine,4
La Tour-de-Peilz,3
La Tour-de-Salvagny,1
La Tour-de-Trême,2
La Tour-de-Trême Ronclina,2
La Tour-du-Pin,5
La Valbonne,1
La Verpillière,2
La Verrerie,2
La Ville Gozet,2
La Vuarpillière,1
La Wantzenau,1
Labergement-Sainte-Marie,2
Lacapelle-Viescamp,1
Lachaud-Curmilhac,1
Lachen SZ,6
Laguépie,1
Lahr (Schwarzw),2
Laifour,1
Laissey,3
Lalden,2
Lally,1
Lamone-Cadempino,2
Lamotte-Beuvron,1
Lamure-sur-Azergues,1
Lancey,2
Lancy-Bachet,6
Lancy-Pont-Rouge,6
Landau (Pfalz) Hbf,1
Landquart,10
Landquart Ried,3
Landry,5
Landschlacht,1
Laneuveville-devant-Nancy,3
Langeac,1
Langenargen,1
Langenau (Württ),1
Langendorf,2
Langenthal,7
Langenthal Gaswerk,2
Langenthal Industrie Nord,1
Langenthal Süd,2
Langnau i.E.,4
Langnau-Gattikon,2
Langogne,1
Langres,4
Langwies GR,2
Langwiesen,1
Lantenay,2
Lanzenhäusern,1
Laon,1
Lapeyrouse,1
Laroche-Migennes,7
Laroquebrou,2
Lattigen bei Spiez,1
Lattrigen,1
Lauchringen,2
Lauchringen West,3
Laufen,3
Laufenburg,1
Laufenburg (Baden),2
Laufenburg (Baden) Ost,2
Laupen BE,1
Laupheim West,2
Lausanne,18
"Lausanne, Bessières",1
"Lausanne, Bourdonnette",1
"Lausanne, CHUV",1
"Lausanne, Délices",1
"Lausanne, Flon",2
"Lausanne, Fourmi",1
"Lausanne, Grancy",1
"Lausanne, Jordils",1
"Lausanne, Malley",1
"Lausanne, Montelly",1
"Lausanne, Ouchy-Olympique",1
"Lausanne, Ours",1
"Lausanne, Provence",1
"Lausanne, Riponne-M. Béjart",1
"Lausanne, Sallaz",1
"Lausanne, Vennes",1
"Lausanne, Vigie",1
"Lausanne, gare",1
Lausanne-Chauderon,1
Lausanne-Flon,1
Lausen,1
Lauterach Unterfeld,1
Lauterbourg,2
Lauterbrunnen,2
Laval,3
Laval-de-Cère,1
Lavaufranche,1
Laveno-Mombello,1
Lavin,3
Lavorgo,3
Lavoûte-sur-Loire,1
Lax,2
Le Bousquet-d'Orb,1
Le Boéchet,1
Le Brassus,1
Le Breuil-sur-Couze,5
Le Buet,1
Le Bémont JU,1
Le Cendre - Orcet,2
Le Chambon-Feugerolles,2
Le Châble VS,2
Le Châtelard VS,1
Le Châtelard-Frontière,2
Le Coteau,3
Le Creusot,2
Le Creusot-Montceau-Montchani,4
Le Creux-des-Biches,1
Le Crêt-du-Locle,2
Le Day,3
Le Grand-Lemps,2
Le Havre,2
Le Landeron,2
Le Lieu,1
Le Lioran,3
Le Locle,3
Le Locle Le Chalet,1
Le Locle-Col-des-Roches,2
Le Mans,6
Le Manège,1
Le Marais,1
Le Monastier,1
Le Muids,1
"Le Muids, bif. gare",1
Le Méridien La Ferrière,1
Le Noirmont,2
Le Pied-d'Or,1
Le Poirier,1
Le Pont,1
Le Prese,3
Le Puy-en-Velay,2
Le Pâquier-Montbarry,2
Le Péage-de-Roussillon,6
Le Quesnoy (Nord),1
Le Reymond,1
Le Rocheray,1
Le Rouget,2
Le Sentier-L'Orient,1
Le Solliat-La Golisse,1
Le Stand,1
Le Séchey,1
Le Sépey,1
Le Teil,6
Le Tremblex,1
Le Trétien,1
Le Valdahon,1
Le Valdahon Camp Militaire,1
Legelshurst,1
Leimbach AG,1
Leipzig Hbf,1
Lengnau BE,1
Lengwil,2
Lenk im Simmental,2
Lentilly,1
Lentilly Charpenay,1
Lenzburg,13
Les Abrets-Fitilieu,1
Les Arcs,2
Les Arnoux,1
Les Avants,4
Les Aviolats,1
Les Bois,1
Les Bossons,1
Les Bovets,1
Les Brenets,1
Les Breuleux,1
Les Breuleux-Eglise,1
Les Cases,2
Les Charbonnières,1
Les Chevalleyres,1
Les Coeudres,1
Les Coeudres-Est,1
Les Combes,3
Les Deurres,1
Les Diablerets,1
Les Echenards,1
Les Echets,1
Les Emibois,1
Les Esserts-de-Rive,1
Les Evouettes,1
Les Flachères,1
Les Frêtes,1
Les Fumeaux,1
Les Geneveys-sur-Coffrane,2
Les Granges-Gérignoz,3
Les Hauts-Geneveys,2
Les Houches,1
Les Laumes - Alésia,3
Les Martres-de-Veyre,2
Les Marécottes,1
Les Montuires,1
Les Moussoux,1
Les Neys,1
Les Nicolets,1
Les Perrières,3
Les Planches (Aigle),1
Les Plantaz,1
Les Pléiades,1
Les Ponts-de-Martel,1
Les Posses,1
Les Pralies,1
Les Praz-de-Chamonix,1
Les Pélerins,1
Les Quatre-Routes,1
Les Reussilles,1
Les Ripes,1
Les Salines,1
Les Sciernes,3
Les Tines,1
Les Trillers,2
Les Tuileries,5
Les Échets,1
Lesquin,1
Lessoc,1
Leuggelbach,2
Leuk,3
Lexos,1
Leysin-Feydey,1
Leysin-Grand-Hôtel,1
Leysin-Village,1
Lezoux,1
Li Curt,1
Lichtensteig,4
Liebefeld,1
Liesle,2
Liestal,9
Lille-Europe,3
Lille-Flandres,3
Limersheim,1
Limoges-Bénédictins,1
Lindau-Aeschach,2
Lindau-Insel,1
Lindau-Reutin,1
Lindenholz,2
Lingolsheim,3
Linsenhofen,1
Linthal,2
Linthal Braunwaldbahn,2
Lisle-sur-Tarn,1
Lissone-Muggiò,2
Litzirüti,2
Liverdun,3
Livron,7
Locarno,4
Locarno FART,3
Locarno S. Antonio,1
Logelbach,1
Lohn-Lüterkofen,1
Loivre,1
Lommiswil,2
Lonay-Préverenges,3
Longecourt,1
Longueville (Seine-et-Marne),1
Longuyon,3
Longwy,4
Lons-le-Saunier,2
Lorient,2
Loriol,6
Lorraine TGV,8
Lottstetten,3
Lotzwil,2
Louhans,1
Louroux-de-Bouble,1
Lozanne,4
Luc (Lozère),1
Luc-en-Diois,2
Lucens,3
Luchsingen-Hätzingen,2
Ludesch,1
Ludres,1
Ludwigshafen (Bodensee),2
Ludwigshafen (Rhein) Hbf,1
Lugano,7
Lugano FLP,1
Luino (I),2
Lumes,1
Lunery,1
Lungern,1
Lunéville,7
Lupfig,3
Lure,3
Lus-la-Croix-Haute,2
Lustenau,2
Lustmühle,2
Luterbach-Attisholz,1
Lutry,5
Luttenbach-près-Munster,1
Lutterbach,1
Lutzelbourg,3
Lutzelhouse,1
Luxembourg,7
Luxeuil-les-Bains,1
Luzern,21
Luzern Allmend/Messe,3
Luzern Littau,3
Luzern Verkehrshaus,2
Luzy (Nièvre),1
Lyon Gorge de Loup,2
Lyon Jean Macé,5
Lyon Part Dieu,29
Lyon Perrache,19
Lyon Saint-Exupéry TGV,2
Lyon Saint-Paul,2
Lyon Vaise,7
Lyss,5
Lyss Grien,1
Lyssach,2
Lädeli,3
Läufelfingen,1
Léchelles,1
Lépin-le-Lac-la-Bauche,4
Lérouville,3
Lörrach Brombach/Hauingen,2
Lörrach Dammstrasse,1
Lörrach Haagen/Messe,2
Lörrach Hbf,2
Lörrach Museum/Burghof,2
Lörrach Schwarzwaldstrasse,2
Lörrach-Stetten,2
Löwental,1
Lüdem,1
Lüen-Castiel,1
Lüscherz,1
Lütisburg,1
Lütschental,1
Lützelflüh-Goldbach,2
Maccagno,1
Machilly,2
Madiswil,2
Madulain,2
Magadino-Vira,1
Magalas,1
Magland,4
Magliaso,1
Magliaso Paese,1
Magnette,2
Magneux - Courlandon,1
Maienfeld,3
Maikammer-Kirrweiler,1
Mailly-la-Ville,2
Mainz Hbf,1
Maizières-lès-Metz,1
Malans GR,9
Malesco,2
Malleray-Bévilard,1
Malling,1
Malpensa Aeroporto T1,1
Malpensa Aeroporto T2,1
Malsch,1
Malters,3
Mamirolle,1
Mammern,1
Mannenbach-Salenstein,1
Mannheim Hbf,5
Mannheim Hgbf,2
Mantes-la-Jolie,1
Marbache,1
Marienthal,2
Marignier,4
Marin-Epagnier,3
Markdorf (Baden),2
Markelfingen,1
Marlieux - Châtillon,1
Marmagne,1
Marmagne sous Creusot,1
Marne-la-Vallée-Chessy TGV,6
Maroggia-Melano,3
Marsac (Creuse),1
Marseille-Blancarde,2
Marseille-Saint-Charles,11
Marthalen,3
Martigny,5
Martigny-Bourg,2
Martigny-Croix,2
Martigny-Expo,3
Marvejols,1
Masera,2
Massiac - Blesle,3
Massongex,1
Massy-Palaiseau-Grande-Cre,2
Massy-TGV,7
Matten b. Interlaken,2
Matten i.S.,2
Matzenheim,1
Matzingen,1
Maulburg,2
Mauraz,1
Maurs,2
Maximiliansau-Im Rüsten,2
Meckenbeuren,1
Meggen,1
Meggen Zentrum,2
Mehun-sur-Yévre,2
Meilen,3
Meiringen,4
Meiringen Alpbach,1
Melide,3
Mellikon,1
Mellingen Heitersberg,3
Mels,2
Mendrisio,5
Mendrisio S. Martino,3
Mengen,4
Mennetou-sur-Cher,1
Menziken,1
Menznau,3
Merlischachen,1
Meroux,1
Mertzwiller,2
Mervans,1
Merxheim,2
Messein,1
Mesves - Bulcy,1
Mesvres,1
Mettmenstetten,2
Metz Nord,1
Metz Ville,15
Metzeral,1
Meursault,1
Meuse TGV,9
Meximieux - Pérouges,2
Meyrin,2
Mezzovico,2
Michelau(Württ),1
Miedelsbach-Steinenberg,1
Mies,5
Milano Centrale,1
Milano Certosa,1
Milano Greco Pirelli,2
Milano Porta Garibaldi,3
Milano Villapizzone,1
Millau,1
Minusio,2
Mionnay,1
Miralago,2
Miramas,3
Miribel,1
Mitlödi,2
Mittelhäusern,1
Mittelmuhen,1
Mittlerschwanden,2
Modane,5
Mogelsberg,3
Mohon,1
Moirans,5
Moirans-la-Galifette,1
Molsheim,4
Mommenheim,2
Monestier-de-Clermont,2
Monistrol-d'Allier,1
Mont-sur-Meurthe,3
Montaigut,1
Montargis,1
Montbard,4
Montbarrey,2
Montbovon,3
Montbrison,1
Montbéliard,3
Montceau-les-Mines,2
Montchanin,5
Montdauphin-Guillestre,2
Monte Generoso Vetta,1
Montereau,5
Montferrand - Thoraise,2
Monthermé,1
Monthey,1
Monthey-En Place,1
Monthey-Hôpital,1
Monthey-Ville,1
Montluel,1
Montluçon,6
Montluçon Rimard,3
Montmédy,1
Montmélian,7
Montpellier Saint-Roch,6
Montpellier Sud de France,6
Montreux,8
Montreux-Collège,3
Montreux-Les Planches,1
Montreux-Vieux,1
Montrichard,2
Montricher,1
Montroc-le-Planet,1
Montrond-les-Bains,1
Montélimar,8
Monza,2
Monéteau-Gurgy,5
Moos,1
Moosch,1
Moosseedorf,1
Morbier,1
Moreillon,4
Morez,1
Morges,8
Morges-St-Jean,3
Morhange,2
Morlaix,1
Mornago-Cimbro,1
Morre,1
Morteau,2
Morteratsch,2
Morvillars,1
Mosen,1
Mothern,1
Mouchard,5
Moudon,3
Moulins sur Allier,5
Mourmelon-le-Petit,5
Moutier,4
Moyeuvre-Grande,1
Moûtiers-Salins-Brides-les-Bai,5
Muggensturm,1
Muhen,1
Muhen Nord,1
Muhlbach-sur-Munster,1
Muizon,1
Mulhouse,14
Mulhouse Dornach,3
Mullerhof,2
Mumpf,1
Mumpé Tujetsch,2
Munchhausen,1
Munderkingen,2
Mundolsheim,2
Munster,1
Munster Badischhof,1
Muntelier-Löwenberg,3
Muolen,2
Murat,3
Murg,2
Murg (Baden),2
Murgenthal,1
Muri AG,4
Muriaux,1
Murten/Morat,5
Mussachen,1
Muttbach-Belvédère,1
Muttenz,3
Mutzig,1
Mâcon,7
Mâcon-Loché TGV,4
Mâlain,2
Mägenwil,3
Männedorf,2
Märstetten,3
Märwil,1
Ménil - Flin,1
Mézériat,1
Môtiers NE,1
Möhlin,3
Mörel,2
Mörigen,1
Mörschwil,3
Mössingen,1
Mühlau,1
Mühlehorn,2
Mühlen(b Horb),2
Mühlhausen (b Engen),3
Mühlheim (b Tuttlingen),1
Mülenen,2
Müllheim im Markgräflerland,3
Müllheim-Wigoltingen,3
München Hbf,1
Münchenbuchsee,2
Münchenstein,1
Münchenwiler-Courgevaux,2
Münchingen,1
Münchingen Rührberg,1
Münchwilen Pflegeheim,1
Münchwilen TG,1
Münsingen,3
Münster VS,1
Münsterlingen Spital,1
Münsterlingen-Scherzingen,1
Müntschemier,2
Mürren BLM,1
Najac,1
Nancy,19
Nantes,5
Nançois - Tronville,2
Narbonne,4
Nebikon,3
Neirivue,1
Nemours-Saint-Pierre,1
Nendeln,2
Nendingen(b Tuttlingen),1
Nenzing,1
Nesslau-Neu St. Johann,1
Netstal,2
Neuburg(Rhein),2
Neuchâtel,11
Neuchâtel Champ-Bougin,1
Neuchâtel Evole,1
Neuchâtel Place Pury Littorail,1
Neuchâtel Port-de-Serrières,1
Neuchâtel Serrières Ruau,1
Neuchâtel-Serrières,2
Neuenburg (Baden),1
Neuenburg(Baden),1
Neuenegg,1
Neuenhof,3
Neufchâteau,3
Neuffen,1
Neuhausen,7
Neuhausen Bad Bf,1
Neuhausen Rheinfall,4
Neukirch-Egnach,2
Neumühle,1
Neunkirch,1
Neussargues,4
Neustadt (Weinstr) Hbf,1
Neustadt (Weinstr) Süd,1
Neuves-Maisons,1
Nevers,11
Nevers le Banlay,3
Neyruz FR,3
Nice-Ville,3
Nidau,1
Nidau Beunden,1
Nidfurn-Haslen,2
Nieder- und Oberurnen,1
Niederbipp,2
Niederbipp Dorf,1
Niederbipp Industrie,1
Niederbronn-les-Bains,2
Niederglatt ZH,3
Niederhasli,1
Niederrickenbach Station,1
Niederried,2
Niederscherli,1
Niederstotzingen,1
Niederteufen,2
Niederwald,1
Niederwangen,2
Niederweningen,1
Niederweningen Dorf,1
Nierstein,1
Niort,1
Nogent-sur-Seine,1
Nogent-sur-Vernisson,1
Noiraigue,1
Nonnenhorn,1
Norsingen,1
Notre-Dame-de-Briançon,1
Nottwil,2
Nouan-le-Fuzelier,1
Nouvion-sur-Meuse,1
Nouzonville,1
Novillars,2
Novéant-sur-Moselle,1
Nozières-Brignon,1
Nuits sous Ravières,2
Nuits-Saint-Georges,1
Nurieux,3
Nyon,6
"Nyon, L'Asse",1
"Nyon, La Vuarpillière",1
"Nyon, chemin de Bourgogne",1
"Nyon, gare",1
Näfels-Mollis,2
Nänikon-Greifensee,4
Nätschen,1
Nérondes,2
Nîmes,7
Nîmes Pont du Gard,6
Nürtingen,1
Nürtingen Vorstadt,1
Nürtingen-Rossdorf,1
Nüziders,1
Oberaach,2
Oberalppass,1
Oberbipp,1
Oberbuchsiten,1
Oberburg,3
Oberdiessbach,3
Oberdorf SO,2
Oberei bei Wasen i.E.,1
Oberelchingen,1
Oberentfelden,1
Oberentfelden Engelplatz,1
Oberentfelden Uerkenbrücke,1
Obergesteln,1
Oberglatt ZH,5
Oberkirch LU,1
Oberkochen,1
Oberkulm,1
Obermodern,1
Obermuhen,1
Obernai,2
Oberried am Brienzersee,2
Oberrieden,3
Oberrieden Dorf,1
Oberriet SG,1
Oberrüti,1
Oberwald,2
Oberwangen,2
Oberwil im Simmental,1
Oberwinterthur,6
Oberzollikofen,1
Oderen,1
Oensingen,5
Oermingen,1
Oeschseite,2
Oey-Diemtigen,3
Offenburg,3
Ollon VD,1
Olten,24
Olten Hammer,1
Ondallaz-L'Alliaz,1
Onville,4
Opfikon,1
Oppikon,1
Orange,7
Orchamps,1
Orchies,1
Orléans,2
Oron,3
Orschweier,2
Orsières,2
Ospizio Bernina,3
Ossingen,1
Ostermundigen,2
Otelfingen,1
Otelfingen Golfpark,1
Othmarsingen,6
Ouges,1
Oullins,1
Oulx-Cesana-Claviere-Sestriere,1
Oyonnax,2
Paccot,1
Padova,1
Pagny,1
Pagny-sur-Meuse,2
Pagny-sur-Moselle,2
Palagnedra,2
Palézieux,9
Palézieux-Village,3
Pampigny-Sévery,1
Papiermühle,1
Paradiso,3
Paray-le-Monial,3
Parent - Coudes - Champeix,2
Paris Gare de Lyon,23
Paris-Austerlitz,6
Paris-Bercy,7
Paris-Est,13
Paris-Montparnasse,2
Parsac-Gouzon,1
Pas-des-Lanciers,1
Paulhaguet,1
Payerne,4
Peist,1
Peltre,2
Pensier,2
Perl,1
Perpignan,3
Perrignier,2
Pers,2
Peschiera del Garda,1
Petange (LUX),1
Petit-Croix,1
Petit-Martel,1
Petit-Martel-Est,1
Pfungen,1
Pfäffikon SZ,8
Pfäffikon ZH,3
Pied du barrage,1
Pierre-Bénite,1
Pierrelatte,7
Pieterlen,1
Pilatus Kulm,1
Pino-Tronzano,1
Plambuit,1
Plan Morier,1
Planalp,1
Planchamp,2
Poitiers,1
Poix-Terron,1
Poligny,2
Poliénas,1
Polliat,1
Pompey,1
Pont de Fayot,1
Pont de Lignon,1
Pont du Rhône,1
Pont-Céard,5
Pont-Saint-Esprit,1
Pont-Saint-Vincent,1
Pont-d'Ain,1
Pont-de-Beauvoisin,4
Pont-de-Claix l'Étoile,2
Pont-de-Dore,1
Pont-de-Drapel,1
Pont-de-Rungis Aéroport d'Orly,1
Pont-de-Veyle,1
Pont-du-Château,1
Pont-sur-Yonne,6
Pont-à-Mousson,3
Pontanevaux,4
Pontarlier,4
Pontcharra - Saint-Forgeux,2
Pontcharra-sur-Bréda-Allevard,3
Ponte Tresa,1
Pontenet,1
Pontmort,2
Pontresina,4
Porrentruy,6
Porto Valtravaglia,1
Poschiavo,3
Pougny-Chancy,2
Pougues-les-Eaux,2
Pouilly-sur-Loire,2
Pouxeux,2
Praha hl. n.,1
Pratteln,3
Pratteln Salina Raurica,1
Preda,3
Preglia,1
Prestinone,1
Prilly-Chasseur,1
Prilly-Malley,5
Pringy (Haute-Savoie),2
Provenchères-sur-Fave,1
Prunay,5
Pré-Petitjean,1
Prélaz-sur-Blonay,1
Prélionne,1
Puidoux,6
Pully,5
Pully-Nord,5
Punt Muragl,1
Punt Muragl Staz,2
Puybrun,1
Quartino,1
Quimper,2
Quincieux,2
RODANGE (FR),1
Rabius-Surrein,3
Radolfzell,3
Raedersheim,2
Rafz,3
Rammingen (Württ),1
Ramsei,3
Ranchot,1
Randa,2
Ranspach,1
Ranzo-S. Abbondio,1
Raon-l'Étape,2
Rapperswil SG,12
Raron,1
Rastatt,1
Ravensburg,2
Re,2
Realp,2
Realp DFB,1
Rebstein-Marbach,2
Rechtenstein,1
Reckingen VS,1
Reconvilier,1
Redon,1
Regensdorf-Watt,1
Reichenau (Baden),1
Reichenau-Tamins,8
Reichenbach im Kandertal,2
Reichenburg,6
Reichshoffen,2
Reiden,3
Reignier,4
Reims,12
Reims Maison Blanche,3
Reinach AG,1
Reinach AG Mitte,1
Reinach AG Nord,1
Rekingen AG,1
Remaufens,2
Remiremont,3
Renan BE,1
Renchen (D),1
Renens VD,14
"Renens VD, gare",1
Rennaz (Leysin),1
Rennes,3
Reppischhof,1
Rethel,2
Retournac,1
Reuchenette-Péry,2
Reutlingen,2
Reutlingen Hbf (D),1
Reverolle,1
Revigny,2
Revin,1
Rheineck,5
Rheinfelden,3
Rheinfelden (Baden),2
Rheinfelden Augarten,1
Rheinweiler,2
Rho,1
Rho Fiera Milano,2
Rhäzüns,6
Riazzino,2
Richterswil,4
Rickenbach-Attikon,3
Riddes,1
Riedholz,1
Riedlingen,2
Riedmatt SZ,2
Riedseltz,1
Riegel-Malterdingen,2
Riehen,1
Riehen Niederholz,1
Rietheim,2
Rietli,1
Riffelalp,1
Riffelberg,1
Rigi Kaltbad-First,2
Rigi Klösterli,1
Rigi Kulm,2
Rigi Staffel,2
Rigi Staffelhöhe,2
Rigi Wölfertschen-First,1
Rikon,2
Rilly-la-Montagne,1
Ringgenberg,2
Ringlikon,1
Ringoldingen,1
Ringsheim/Europa-Park,4
Riom - Châtel-Guyon,5
Rivaz,5
Rive-de-Gier,2
Rivera-Bironico,2
Rives,2
Rixheim,1
Roanne,5
Roche VD,3
Roche-lez-Beaupré,2
Rochers-de-Naye,1
Roches Grises,1
Rodels-Realta,4
Roeschwoog,1
Roggwil Buchägerten,1
Roggwil Dorf,1
Roggwil Schmitten,1
Roggwil-Berg,2
Roggwil-Wynau,1
Rognac,1
Rohrbach,2
Rohrbach (Pfalz),1
Rolle,1
Romanel-sur-Lausanne,1
Romans - Bourg-de-Péage,3
Romanshorn,8
Romanèche-Thorins,4
Rombas - Clouange,1
Romilly-sur-Seine,1
Romiti Felsentor,2
Romont FR,7
Ronchamp,2
Root D4,1
Roppenheim,1
Rorschach,8
Rorschach Hafen,2
Rorschach Stadt,4
Rosental,1
Rosheim,2
Rosières-aux-Salines,3
Rosshäusern,2
Rossinière,5
Rosé,1
Rotenboden,1
Rothau,1
Rothenbrunnen,4
Rothenburg Station,2
Rothenthurm,2
Rothrist,1
Rotkreuz,6
Rottenacker,2
Rottenburg (Neckar),2
Rottweil,1
Rouen-Rive-Droite,2
Rouffach,2
Rougemont,4
Rountzenheim,1
Route de Morgins,1
Royat - Chamalières,1
Rubigen,1
Ruderbach,1
Rudersberg,1
Rudersberg Nord,1
Rudersberg-Oberndorf,1
Rudolfstetten,1
Rudolfstetten Hofacker,1
Rueras,2
Rueun,3
Ruffey,1
Rully,1
Rumilly,3
Rupperswil,6
Russ-Hersbach,1
Russin,2
Rämismühle-Zell,2
Räterschen,3
Réaumont-St-Cassien,2
Réding,4
Régny,2
Rémilly,3
Rümikon AG,1
Rümlang,4
Rümlingen,1
Rüschlikon,4
Rüthi SG,1
Rüti GL,2
Rüti ZH,6
S-chanf,2
S. Antonino,2
S. Maria Maggiore,2
S. Nazzaro,1
S. Nicolao,1
Saales,1
Saanen,4
Saanenmöser,5
Saarbrücken Hbf,3
Saas im Prättigau,5
Sachseln,3
Safenwil,1
Sagliains,3
Saignelégier,1
Saillans,1
Sain-Bel,1
Saincaize,6
Sains du Nord,1
Saint-Agnan,1
Saint-Amand-les-Eaux,1
Saint-Amarin,1
Saint-Amour,3
Saint-André-de-Corcy,1
Saint-Avold,2
Saint-Avre-la-Chambre,4
Saint-Blaise-la-Roche - Poutay,1
Saint-Bonnet-de-Rochefort,1
Saint-Brieuc,1
Saint-Béron-la-Bridoire,1
Saint-Chamond,2
Saint-Clair - Les Roches,6
Saint-Claude,1
Saint-Clément - Laronxe,2
Saint-Dizier,7
Saint-Dié-des-Vosges,4
Saint-Egrève-Saint-Robert,2
Saint-Erme,1
Saint-Florent-sur-Cher,4
Saint-Florentin-Vergigny,2
Saint-Flour - Chaudes-Aigues,1
Saint-Fons,1
Saint-Georges-d'Aurac,2
Saint-Georges-de-Reneins,4
Saint-Germain-au-Mont-d'Or,7
Saint-Germain-des-Fossés,4
Saint-Gervais-les-Bains,1
Saint-Gilles Lycée Haut-Rhin,1
Saint-Hilaire-St-Nazaire,1
Saint-Jean-de-Losne,1
Saint-Jean-de-Maurienne-Arvan,5
Saint-Jodard,1
Saint-Julien - Clénay,1
Saint-Julien-du-Sault,6
Saint-Julien-en-Genevois,3
Saint-Laurent-en-Grandvaux,1
Saint-Lothain,2
Saint-Louis (Haut-Rhin),3
Saint-Louis la Chaussée,1
Saint-Léger-sur-Dheune,1
Saint-Marcel en Dombes,1
Saint-Maurice-de-Beynost,1
Saint-Michel-Valloire,4
Saint-Michel-sur-Meurthe,1
Saint-Nabord,2
Saint-Paul-de-Varax,1
Saint-Pierre-d'Albigny,4
Saint-Pierre-le-Moûtier,4
Saint-Priest,1
Saint-Péray,3
Saint-Quentin-Fallavier,1
Saint-Rambert-d'Albon,6
Saint-Romain-de-Popey,2
Saint-Romain-le-Puy,1
Saint-Sulpice-Laurière,1
Saint-Symphorien-de-Marmagne,1
Saint-Vallier sur Rhône,6
Saint-Victor - Thizy,2
Saint-Vincent le Château,1
Saint-Vit,2
Saint-Étienne Bellevue,2
Saint-Étienne Carnot,2
Saint-Étienne Châteaucreux,6
Saint-Étienne La Terrasse,2
Saint-Étienne Le Clapier,2
Sainte-Colombe,2
Saland,1
Salbris,2
Salem,2
Salez-Sennwald,1
Salgesch,1
Sallanches-Combloux-Megève,5
Salles-Courbatiers,1
Salvan,1
Samedan,6
Sammelplatz,1
Samstagern,3
Sandbüchel,1
Sangiano,1
Sanry-sur-Nied,2
Santenay les Bains,1
Sargans,9
Sarliève - Cournon,2
Sarnen,3
Sarnen Nord,2
Sarrebourg,4
Sarreguemines,2
Sathonay - Rillieux,1
Satigny,2
Sattel,2
Saulon,1
Saumur-Rive-Droite,2
Saverne,5
Saxon,1
Saône,1
Schaan-Vaduz,2
Schachen (Gais),1
Schachen (Herisau),2
Schachen LU,2
Schaffhausen,14
Schafhausen i.E.,2
Schaidt (Pfalz),1
Schallstadt,2
Schalunen,1
Scharnageln,1
Schelklingen,2
Schemmerberg,1
Scherwiller,2
Schiers,8
Schindellegi-Feusisberg,3
Schinznach Bad,2
Schirmeck - La Broque,1
Schlatt TG,1
Schlattingen,1
Schlechtbach (D),1
Schliengen,2
Schlieren,5
Schlins-Beschling,1
Schloss Laufen am Rheinfall,3
Schmerikon,4
Schmiechen,2
Schmitten FR,2
Schmitten GR Landwasserviadukt,1
Schopfheim,2
Schopfheim West,2
Schopfheim-Schlattholz,2
Schorndorf,1
Schorndorf-Hammerschlag,1
Schottikon,3
Schwanden GL,2
Schwarzenburg,1
Schwarzer Bären,2
Schwarzwasserbrücke,1
Schweighofen,1
Schweighouse-sur-Moder,2
Schwende,1
Schwendi bei Grindelwald,1
Schwendi bei Heiden,1
Schwenningen (Neckar),1
Schwerzenbach ZH,4
Schwieberdingen,1
Schwindratzheim,1
Schwyz,4
Schwäbis,1
Schwörstadt,2
Schynige Platte,1
Schänis,2
Schöfflisdorf-Oberweningen,1
Schöftland,1
Schöftland Nordweg,1
Schönbühl RBS,1
Schönbühl SBB,1
Schönbühl Shoppyland,1
Schönenwerd SO,7
Schönried,5
Schübelbach-Buttikon,5
Schüpfen,2
Schüpfheim,2
Schützengarten,2
Scuol-Tarasp,3
Sedan,3
Sedrun,2
Seebleiche,1
Seewis-Pardisla,8
Seftigen,2
Segnas,2
Selles-sur-Cher,2
Seltz,1
Selzach,1
Sembrancher,3
Sempach-Neuenkirch,3
Semsales,2
Sendy-Sollard,3
Sennecey-le-Grand,1
Sennhof-Kyburg,2
Senozan,1
Sens,6
Seon,1
Seon Nord,1
Sept-Saulx,5
Seregno,2
Sermizelles-Vézelay,1
Serocca,1
Servas - Lent,1
Servoz,1
Sessenheim,1
Sesto S. Giovanni,3
Seurre,1
Seuzach,2
Sevelen,1
Seyssel-Corbonod,3
Siebnen-Wangen,5
Siegershausen,2
Sierck-les-Bains,1
Sierentz,1
Sierre/Siders,3
Siggenthal-Würenlingen,2
Sigmaringen,4
Sigmaringendorf,3
Signau,1
Sihlau,2
Sihlwald,1
Simandre-sur-Suran,2
Singen (Hohentwiel),5
Singen (Htw) Industriegebiet,1
Singen (Htw)-Landesgartenschau,3
Sins,2
Sion,4
Sipplingen,1
Sirnach,3
Siselen-Finsterhennen,1
Sisikon,4
Sissach,3
Sitterdorf,1
Six-Fontaines,2
Solduno,1
Solduno S. Martino,1
Solothurn,8
Solothurn Allmend,1
Solothurn Baseltor,1
Solothurn Sternen,1
Solothurn West,2
Sommerau,1
Sonceboz-Sombeval,3
Sontheim-Brenz,1
Sonvilier,1
Sonzier,3
Sood-Oberleimbach,2
Sorengo,1
Sorengo Laghetto,1
Sorgues-Châteauneuf-du-Pape,5
Sorvilier,1
Soultz-sous-Forêts,1
Speicher,2
Spiez,13
Spinas,3
St Georgen(Schwarzw),3
St-Aignan-Noyers,2
St-Amand-Montrond,5
St-André-le-Gaz,5
St-Blaise CFF,2
St-Blaise-Lac,2
St-Cergue,1
St-Cergue Les Cheseaux,1
"St-Cergue, bif. La Chèvrerie",1
"St-Cergue, gare",1
St-Chamas,1
St-Chély-d'Apcher,1
St-Cyr-en-Val-La-Source,1
St-Denis-près-Martel,2
St-Geniès-de-Malgoirès,1
St-Georges-de-Commiers,2
St-Georges-de-Luzençon,1
St-Germain-du-Puy,2
St-Gervais-les-Bains-Le Fayet,5
St-Gingolph (Suisse),1
St-Imier,2
St-Légier-Gare,2
St-Légier-Village,2
St-Léonard,1
St-Marcellin (Isère),3
St-Martin-de-Crau,2
St-Martin-du-Mont,1
St-Maurice,7
St-Pierre-des-Corps,6
St-Pierre-en-Faucigny,4
St-Prex,3
St-Rambert-en-Bugey,1
St-Raphaël-Valescure,2
St-Rome-de-Cernon,1
St-Saphorin,5
St-Sulpice Tarn,1
St-Triphon-Gare,1
St-Ursanne,4
St. Erhard-Knutwil,2
St. Gallen,16
St. Gallen Birnbäumen,2
St. Gallen Bruggen,4
St. Gallen Güterbahnhof,2
St. Gallen Haggen,3
St. Gallen Marktplatz,2
St. Gallen Notkersegg,2
St. Gallen Riethüsli,2
St. Gallen Schülerhaus,2
St. Gallen Spisertor,2
St. Gallen St. Fiden,6
St. Gallen Winkeln,4
St. Katharinen,1
St. Katharinental,1
St. Margrethen SG,8
St. Moritz,9
St. Niklaus VS,2
St. Peter-Molinis,1
St. Stephan,2
St. Urban,1
St. Urban Ziegelei,1
Staad SG,4
Stabio,2
Staffelfelden,2
Stalden i.E.,2
Stalden-Saas,2
Stammheim,1
Stans,3
Stansstad,3
Ste-Croix,2
Ste-Cécile-d'Andorge,2
Steckborn,1
Steffisburg,3
Steg,1
Steigbach,1
Stein am Rhein,2
Stein-Säckingen,3
Steinach,1
Steinbourg,1
Steinebrunn,2
Steinegg,1
Steinen,2
Steinen (D),2
Steinerberg,2
Steinfeld(Pfalz),1
Steinhausen,1
Steinhausen Rigiblick,1
Steinibach,1
Steinmaur,1
Stephansfeld,1
Sternen bei Teufen,2
Stettbach,8
Stetten(Donau),1
Stettlen,1
Storzingen,2
Stoss AR,1
Strahlholz,1
Strasbourg,30
Strasbourg Roethig,3
Strassberg-Winterlingen,2
Studen BE,1
Stuttgart Hbf,2
Stäfa,2
Stöckli,2
Stühlingen,2
Suberg-Grossaffoltern,1
Sugiez,2
Sugnens,1
Suhr,2
Sulgen,4
Sumiswald-Grünen,2
Sumvitg-Cumpadials,3
Sur Roche,1
Sur-le-Buis,1
Surava,2
Surovas,2
Sursee,6
Sury-le-Comtal,1
Susch,3
Sutz,1
Sète,3
Sélestat,6
Sérézin,1
Sévérac-le-Château,1
TGV Haute-Picardie,3
Taconnaz,1
Tain-l'Hermitage - Tournon,6
Tann-Dürnten,1
Tannay,5
Tarare,3
Tassin,2
Tavanasa-Breil/Brigels,3
Tavannes,2
Taverne-Torricella,2
Tecknau,1
Tegna,2
Templeuve,1
Tenay-Hauteville,3
Tenero,4
Teningen-Mundingen,2
Ternate-Varano Borghi,1
Territet,2
Teting-sur-Nied,1
Teufen AR,2
Teufen AR Stofel,2
Teufenthal AG,1
Thalbrücke,1
Thalfingen(b Ulm),1
Thalheim-Altikon,1
Thalwil,6
Thann,1
Thann Centre,1
Thann Saint-Jacques,1
Thaon,3
Thayngen,4
Theillay,1
Thenissey,2
Thiaville,1
Thiers,1
Thionville,7
Thonon-les-Bains,3
Thun,14
Thurnen,2
Thusis,7
Thörishaus Dorf,2
Thörishaus Station,2
Tiefenbach DFB,1
Tiefencastel,5
Tieffenbach - Struth,1
Tiengen (Hochrhein),3
Tirano,3
Tisis (Feldkirch),1
Tobel-Affeltrangen,1
Toffen,2
Tonnerre,2
Torino Porta Nuova,1
Torino Porta Susa,1
Torpes - Boussières,2
Toul,6
Toulon,3
Toulouse-Matabiau,2
Tournemire-Roquefort,1
Tournus,2
Tours,2
Toveyre,1
Tracy Sancerre,2
Tramelan,1
Tramelan-Chalet,1
Tramelan-Dessous,1
Trasadingen,1
Travedona-Biandronno,1
Travers,2
Triberg,3
Triboltingen,1
Trier Hbf,1
Trimbach,1
Trin,3
Trogen,2
Trois Chênes,2
Troistorrents,1
Tronsanges,1
Trontano,2
Trossingen Bahnhof,1
Troyes,2
Trubschachen,2
Trun,3
Trélex,1
Trélex dépôt,1
"Trélex, dépôt",1
"Trélex, gare",1
Tschamut-Selva,1
Tuilerie,1
Tullins-Fures,2
Turbenthal,2
Turckheim,1
Turenne,1
Turgi,6
Turtmann,1
Tusinge,1
Tuttlingen,1
Tuttlingen Nord,1
Tuttlingen Zentrum,1
Twann,2
Tägerschen,1
Tägertschi,1
Tägerwilen Dorf,2
Tägerwilen-Gottlieben,1
Täsch,3
Täuffelen,1
Tübingen Hbf,2
Tübingen-Derendingen,1
Tüscherz,2
Uckange,3
Uerikon,2
Uetendorf,2
Uetendorf Allmend,2
Uetikon,3
Uetliberg,1
Uhldingen-Mühlhofen,2
Uitikon Waldegg,1
Ulm Hbf,5
Ulm Ost,1
Ulm-Donautal,1
Ulm-Söflingen,2
Ulrichen,1
Union-Prilly,1
Unterelchingen,1
Unterentfelden Oberdorf,1
Unterentfelden Post,1
Unterkochen,1
Unterkulm,1
Unterkulm Nord,1
Unterterzen,2
Untervaz-Trimmis,3
Unterzollikofen,1
Urdorf,3
Urdorf Weihermatt,3
Urmatt,1
Urnäsch,1
Urtenen,1
Urçay,2
Uster,7
Uttigen,1
Uttwil,1
Utzenstorf,2
Uznach,4
Uzwil,5
Vaihingen (Enz),1
Val-d'Illiez,1
Val-de-Vesle,5
Valence,12
Valence TGV Rhône-Alpes Sud,13
Valenciennes,1
Valendas-Sagogn,3
Valeyres-sous-Montagny,1
Valleiry,3
Valleroy - Moineville,1
Vallon-en-Sully,5
Vallorbe,4
Vallorcine (F),3
Valmont,1
Vandières,1
Vannes,2
Varangéville - Saint-Nicolas,5
Varennes-sur-Allier,2
Varese,2
Varzo,1
Vaudagne,1
Vauderens,4
Vaulruz-Sud,2
Vauzelles,1
Vayrac,1
Veauche - Saint-Galmier,1
Vechigen,1
Velars,2
Vendenheim,3
Vendeuvre,3
Vendlincourt,2
Venezia Mestre,1
Venezia S. Lucia,1
Verdasio,3
Verdun,3
Verigo,1
Vermenton,1
Vernaison,1
Vernand-Camarès,1
Vernayaz,1
Vernayaz MC,1
Vernier,2
Verona Porta Nuova,1
Verrey,2
Vers-l'Eglise,1
Versailles-Chantiers,5
Versam-Safien,2
Verschiez,1
Verscio,2
Versmont,1
Versoix,6
Vertaizon,1
Vesoul,2
Vevey,10
Vevey Vignerons,2
Veynes-Devoluy,4
Veytaux-Chillon,3
Viaduc-Ste-Marie,1
Vic-le-Comte,3
Vic-sur-Cère,3
Vicenza,1
Vichy,4
Vieilleville,1
Vienne,7
Vierzon,6
Vierzon-Forges,1
Viescamp-sous-Jallès,1
Vieux-Thann,1
Vieux-Thann Zone Industrielle,1
Vif,2
Vignory,3
Villars-Bozon,1
Villars-les-Dombes,1
Villars-sous-Mont,1
Villars-sur-Glâne,3
Villars-sur-Ollon,1
Villars-sur-Ollon Golf,1
Villaz-St-Pierre,3
Villefort,1
Villefranche-de-Rouergue,1
Villefranche-sur-Cher,2
Villefranche-sur-Saône,6
Villeneuve VD,4
Villeneuve-la-Guyard,6
Villeneuve-sur-Allier,3
Villeneuve-sur-Yonne,6
Villeret,1
Villereversure,2
Villette VD,4
Villingen (Schwarzw),3
Villingen-Sch. Eisstadion,1
Villingen-Sch. Hammerstatt,1
Villingen-Sch. Marbach Ost,1
Villingen-Sch. Marbach West,1
Villingen-Sch. Zollhaus,1
Villy,1
Vinay,1
Vincelles,1
Vincey,3
Vionnaz,1
Vions-Chanaz,1
Vireux-Molhain,1
Virieu-le-Grand-Belley,3
Virieu-sur-Bourbre,2
Visp,9
Vitrolles Aéroport Marseille,2
Vitry-le-François,9
Vittel,2
Vitznau,2
Viviers-du-Lac,1
Voiron,3
Volvic,1
Vonnas,1
Voreppe,2
Vorey,1
Vougeot - Gilly-lès-Cîteaux,1
Voujeaucourt,3
Vouvry,1
Vrigne-Meuse,1
Vuadens-Sud,2
Vuarennes,2
Vufflens-la-Ville,3
Vufflens-le-Château,1
Vuiteboeuf,2
Vénissieux,1
Vögelinsegg,2
Wabern bei Bern,3
Walbach - La Forge,1
Walbourg,1
Walchwil,1
Walchwil Hörndli,1
Wald ZH,1
Waldibrücke,1
Waldshut,5
Waldstatt,1
Walenstadt,2
Walheim,1
Walkringen,2
Wallisellen,5
Waltensburg/Vuorz,2
Walterswil-Striegel,1
Walygator parc,3
Walzenhausen,1
Wangen an der Aare,1
Wangen bei Olten,1
Warmesberg,1
Wartensee,1
Warthausen,1
Wasen i.E.,1
Wasserauen,1
Wasserburg (Bodensee),1
Wattwil,4
Wauwil,3
Weberei Matzingen,1
Wehr-Brennet,2
Weil am Rhein,3
Weil am Rhein Gartenstadt,1
Weil am Rhein Pfädlistrasse,1
Weil am Rhein-Ost,1
Weil im Schönbuch Röte,1
Weil im Schönbuch Troppel,1
Weil im Schönbuch Untere Halde,1
Weinfelden,11
Weissbad,1
Weissenbach,1
Weissenburg,1
Weizen,1
Welschingen-Neuhausen,3
Wengen,1
Wengernalp,1
Wengwald,1
Werthenstein,2
Wesserling,1
Wettingen,4
Wetzikon ZH,6
Weyersheim,2
Wichtrach,1
Widen Heinrüti,1
Wiedlisbach,1
Wien Hbf,1
Wienacht-Tobel,1
Wiesendangen,3
Wiesengrund,1
Wihr-au-Val - Soultzbach,1
Wil SG,10
Wila,2
Wilchingen-Hallau,1
Wildegg,4
Wilderswil,3
Wildpark-Höfli,2
Wilen bei Wollerau,2
Wiler,2
Willer-sur-Thur,1
Willisau,3
Wilwisheim,1
Wimmis,3
Winden (Pfalz),1
Wingen-sur-Moder,1
Winkel am Zürichsee,3
Winteregg,1
Winterthur,21
Winterthur Grüze,5
Winterthur Hegi,3
Winterthur Seen,2
Winterthur Töss,1
Winterthur Wallrüti,2
Winterthur Wülflingen,1
Wisches,1
Wissembourg,2
Wittenbach,2
Wohlen AG,5
Wohlen Fulenbach,1
Wohlen Oberdorf,1
Woippy,1
Wolfenschiessen,2
Wolhusen,4
Wolhusen Weid,2
Wollerau,2
Worb Dorf,1
Worb SBB,1
Worbboden,1
Worblaufen,3
Worms Hbf,1
Wutöschingen,2
Wyhlen,2
Wynigen,3
Wädenswil,6
Wängi,1
Wörth (Rhein),2
Wünnewil,1
Würenlos,1
Xertigny,1
Yens,1
Ytrac,1
Yverdon William Barbey,1
Yverdon-les-Bains,7
Yvonand,1
Zell (Wiesental),2
Zell LU,3
Zermatt,3
Zermatt Ferienhaus legendär,1
Zermatt GGB,1
Zernez,2
Zetzwil,1
Ziegelbrücke,7
Zihlbrücke,1
Zillisheim,1
Zimeysa,2
Zizers,3
Zofingen,8
Zollbrück,1
Zollikofen,5
Zollikon,3
Zornasco,1
Zufikon,1
Zufikon Belvédère,1
Zufikon Hammergut,1
Zug,12
Zug Casino,1
Zug Chollermüli,1
Zug Fridbach,1
Zug Oberwil,1
Zug Postplatz,1
Zug Schutzengel,1
Zuoz,2
Zweibrücken,1
Zweidlen,1
Zweilütschinen,2
Zweisimmen,7
Zwingen,1
Zäziwil,1
Zürchersmühle,1
Zürich Affoltern,2
Zürich Altstetten,14
Zürich Binz,1
Zürich Brunau,2
Zürich Enge,6
Zürich Flughafen,14
Zürich Friesenberg,1
Zürich Giesshübel,2
Zürich HB,45
Zürich Hardbrücke,11
Zürich Leimbach,2
Zürich Manegg,2
Zürich Oerlikon,16
Zürich Saalsporthalle,2
Zürich Schweighof,1
Zürich Seebach,2
Zürich Selnau,3
Zürich Stadelhofen,11
Zürich Tiefenbrunnen,4
Zürich Triemli,1
Zürich Wiedikon,5
Zürich Wipkingen,2
Zürich Wollishofen,4
Écully la Demi-Lune,2
Éloyes,2
Épernay,4
Épinal,6
Étain,3
Étalans,1
Étang-sur-Arroux,2
Étival-Clairefontaine,2
Überlingen,2
Überlingen Therme,2
Überlingen-Nussdorf,1
